email,ip_address
dbonsey0@fda.gov,116.170.214.235
olargen1@lulu.com,23.235.33.127
leverly2@netscape.com,49.102.209.66
raggs3@paypal.com,173.206.89.59
hbolle4@reddit.com,115.27.127.161
jsimonnet5@squidoo.com,71.129.106.100
joughton6@rediff.com,85.206.178.188
aclaybourn7@mac.com,78.32.207.39
zvigurs8@state.gov,78.59.77.134
ndilucia9@economist.com,176.232.78.30
sportala@unesco.org,9.139.250.64
jtamburib@networksolutions.com,58.24.187.124
hboughtonc@google.com.br,208.192.14.0
rcabenad@reverbnation.com,69.115.125.77
gpoulsome@techcrunch.com,238.228.215.247
hvineallf@omniture.com,192.184.198.249
dhavvockg@chronoengine.com,99.241.43.80
ggierh@pcworld.com,220.152.134.107
pjailleri@ning.com,203.151.205.123
nbaksterj@techcrunch.com,17.45.197.58
hdockrellk@yahoo.com,150.90.188.37
kcarleyl@ehow.com,7.223.57.18
pturonem@mail.ru,52.131.20.108
bwakenshawn@mail.ru,37.64.25.241
bkiliuso@pen.io,224.236.26.227
eborgnolp@pbs.org,49.142.9.27
esoeiroq@narod.ru,140.75.57.224
hdudingr@house.gov,173.238.169.87
fbuddleighs@upenn.edu,246.165.113.120
ewittringtont@biglobe.ne.jp,85.171.171.235
astreteu@guardian.co.uk,90.204.141.169
gpaliserv@pinterest.com,238.15.145.82
pgalpinw@slashdot.org,69.130.127.236
aivankovx@fastcompany.com,72.246.41.151
hstentifordy@booking.com,13.34.76.46
wvandenoordz@acquirethisname.com,206.167.68.3
tenric10@yolasite.com,78.120.189.27
rbeswell11@netvibes.com,150.132.162.149
aleber12@nydailynews.com,222.254.68.189
cfolca13@barnesandnoble.com,187.233.92.72
gtickel14@clickbank.net,40.231.103.13
fbonifant15@soup.io,250.117.210.27
nivanyushkin16@google.com,34.108.107.244
dpatise17@newsvine.com,246.4.204.31
ylowthian18@netlog.com,191.29.114.219
amellenby19@wsj.com,93.235.56.165
lczyz1a@patch.com,120.122.70.216
bweatherell1b@npr.org,121.13.146.130
jredhills1c@wufoo.com,29.232.30.247
echevalier1d@rediff.com,121.22.153.199
ghansbury1e@edublogs.org,43.163.189.51
ngerardi1f@hc360.com,77.9.136.236
chuscroft1g@sciencedaily.com,68.246.57.23
cgradly1h@networksolutions.com,132.50.38.136
fsonier1i@taobao.com,87.72.160.0
hrake1j@unesco.org,177.87.203.151
sstenton1k@istockphoto.com,43.255.121.91
zklimecki1l@networksolutions.com,229.144.124.191
asomers1m@illinois.edu,84.237.173.132
glazare1n@samsung.com,244.119.4.168
mhowerd1o@nature.com,125.153.255.85
cparysiak1p@craigslist.org,49.109.96.131
kwelburn1q@google.com.hk,153.212.180.125
asiege1r@tumblr.com,152.162.247.28
rdanet1s@geocities.com,19.195.210.38
sscotson1t@utexas.edu,10.214.58.238
spaddington1u@artisteer.com,158.200.62.11
nentwisle1v@google.it,121.87.11.56
ghartwell1w@mediafire.com,224.17.73.174
bscrimshire1x@prweb.com,51.14.51.14
vvigietti1y@tinypic.com,96.230.66.176
ctalloe1z@godaddy.com,223.193.252.196
fcowpe20@mlb.com,59.242.245.4
aluciani21@constantcontact.com,162.119.62.65
bgetcliffe22@blinklist.com,228.23.26.178
jvasechkin23@timesonline.co.uk,248.17.232.172
nareles24@github.io,38.81.67.77
rlemmers25@godaddy.com,225.44.12.136
cswalwell26@goo.gl,117.217.131.205
mclausner27@howstuffworks.com,191.241.64.193
eshailer28@wp.com,101.5.29.213
rgowlett29@independent.co.uk,234.215.169.174
bdongles2a@epa.gov,30.216.75.209
fcrippill2b@ocn.ne.jp,168.147.193.53
aroskell2c@example.com,111.234.86.177
reddington2d@dyndns.org,31.206.138.183
pscrymgeour2e@topsy.com,175.37.107.132
hworham2f@free.fr,104.176.103.160
afirpo2g@statcounter.com,241.186.32.98
lgierok2h@pbs.org,88.9.164.185
dshailer2i@bloglovin.com,191.158.103.39
ffostersmith2j@drupal.org,90.218.173.83
erozenbaum2k@europa.eu,27.239.192.150
vhousley2l@cocolog-nifty.com,60.173.176.55
mmurr2m@slideshare.net,137.55.176.76
kdunstone2n@infoseek.co.jp,240.247.214.53
tgedney2o@unc.edu,156.153.128.233
vgotecliffe2p@nbcnews.com,152.94.92.157
jsilberschatz2q@vk.com,244.23.96.40
mhightown2r@si.edu,27.128.89.2
lgallie2s@icio.us,2.17.152.167
doganesian2t@canalblog.com,121.42.55.242
bspon2u@mapquest.com,77.80.212.118
ncyphus2v@amazonaws.com,196.138.111.95
tblyden2w@unblog.fr,2.14.233.152
eskyme2x@barnesandnoble.com,143.100.80.197
mheadon2y@ycombinator.com,224.125.43.183
mmanton2z@princeton.edu,79.127.52.79
shoodlass30@pinterest.com,129.82.19.83
yburgisi31@boston.com,243.46.120.170
mchaffey32@canalblog.com,9.239.140.30
tphelips33@4shared.com,102.156.98.44
dburgum34@nhs.uk,80.69.66.63
edollard35@symantec.com,0.34.27.60
sbruckner36@npr.org,223.123.90.26
dfallen37@bloglines.com,15.188.177.24
thegg38@google.fr,64.208.254.6
ggensavage39@i2i.jp,154.117.229.177
gwillett3a@ocn.ne.jp,192.115.203.214
aedscer3b@howstuffworks.com,79.78.182.13
esymmons3c@digg.com,3.252.43.140
soret3d@ucsd.edu,147.180.145.148
hatwel3e@apache.org,92.61.55.150
sbagguley3f@soundcloud.com,121.0.143.136
kpetersen3g@princeton.edu,114.104.83.159
kburder3h@creativecommons.org,20.154.79.99
dlodge3i@myspace.com,164.9.223.132
nellerman3j@archive.org,116.166.36.143
cbrisset3k@newsvine.com,155.249.80.221
rmusicka3l@youtube.com,35.52.190.242
ajewks3m@pbs.org,172.213.4.209
ldeval3n@miitbeian.gov.cn,121.68.7.22
ispreull3o@about.com,200.28.19.175
mgroom3p@xrea.com,169.139.138.6
fstair3q@google.nl,76.155.128.47
rarchibald3r@economist.com,241.188.1.69
zvangeffen3s@amazon.co.jp,203.253.62.189
klandal3t@zdnet.com,204.229.58.73
djojic3u@about.me,202.47.237.176
efoxcroft3v@livejournal.com,203.146.24.73
ckopman3w@google.com.au,220.197.103.136
jgallety3x@unesco.org,32.246.206.234
jswash3y@reference.com,51.29.127.248
tkilford3z@soup.io,228.167.116.54
bbeels40@tiny.cc,154.150.117.162
mbartolomieu41@tinypic.com,168.99.186.148
aescreet42@nba.com,78.130.6.156
wnoone43@state.tx.us,119.99.96.79
sdamsell44@guardian.co.uk,105.89.242.17
biaduccelli45@wikia.com,175.183.7.210
vfrenchum46@merriam-webster.com,46.134.162.150
ftabord47@hp.com,98.155.253.68
ykynman48@tumblr.com,113.48.161.13
bboatswain49@quantcast.com,206.7.192.109
amasding4a@usnews.com,103.82.31.200
alobell4b@home.pl,72.133.255.79
blillicrop4c@youtube.com,23.3.241.139
emallaby4d@yellowbook.com,165.82.226.208
npiggens4e@gmpg.org,161.22.3.204
chadfield4f@gov.uk,177.216.215.135
hvasyutichev4g@nymag.com,200.113.212.33
tphilson4h@springer.com,153.167.245.220
gplacstone4i@rambler.ru,19.143.185.230
bgotmann4j@shutterfly.com,217.204.216.223
pdaeth4k@mapy.cz,25.201.243.32
hbarta4l@ow.ly,137.102.18.204
agleeson4m@discovery.com,100.112.90.109
dstirrup4n@pen.io,11.66.185.140
njauncey4o@utexas.edu,113.220.199.31
dbartomeu4p@nba.com,235.67.101.242
eugolotti4q@jigsy.com,85.216.83.173
apilmer4r@ucoz.com,220.207.190.185
ngoodsell4s@virginia.edu,238.44.225.249
cmckimmey4t@jalbum.net,117.172.89.23
laggis4u@disqus.com,26.6.140.137
khunnaball4v@umn.edu,234.110.237.190
vduling4w@creativecommons.org,138.141.170.17
awillshear4x@alexa.com,196.133.175.196
sphetteplace4y@surveymonkey.com,130.187.74.161
jmcghie4z@pagesperso-orange.fr,174.32.173.60
krhymes50@xrea.com,90.245.76.196
fattoe51@yolasite.com,84.46.113.49
ldripps52@dion.ne.jp,76.236.246.102
bcrookall53@tmall.com,239.98.174.185
sshiliton54@facebook.com,199.211.38.193
pblofeld55@constantcontact.com,208.235.219.224
catton56@yahoo.co.jp,155.190.217.98
atrevorrow57@xinhuanet.com,121.183.185.191
vlangstaff58@chronoengine.com,222.187.59.6
sthyng59@upenn.edu,240.28.127.125
pcorona5a@xrea.com,88.74.67.202
vjarnell5b@4shared.com,48.208.101.112
cmaseres5c@naver.com,85.200.177.222
sholdforth5d@illinois.edu,244.218.0.139
jmargetson5e@chicagotribune.com,70.165.240.13
fginley5f@vistaprint.com,192.172.77.27
sboraston5g@ted.com,12.149.34.41
ggiamelli5h@marriott.com,114.27.83.191
ryesipov5i@indiatimes.com,131.54.183.252
khiorn5j@eepurl.com,252.122.75.1
ghurler5k@webeden.co.uk,70.163.198.72
shammelberg5l@mayoclinic.com,178.196.137.123
roffin5m@mail.ru,96.8.128.145
jolivera5n@ameblo.jp,163.220.200.178
ppalombi5o@furl.net,76.177.146.227
mpascho5p@un.org,103.155.241.137
fallwright5q@newyorker.com,51.118.26.64
usarll5r@newsvine.com,56.63.187.115
jkilmister5s@home.pl,214.211.246.142
vcarress5t@zimbio.com,153.211.254.114
ldarch5u@army.mil,140.85.222.47
kbentall5v@cdc.gov,220.238.127.217
ebuckel5w@google.es,105.223.102.196
rwolford5x@mediafire.com,148.108.105.130
blovekin5y@wisc.edu,80.81.73.148
akauscher5z@google.co.uk,217.37.173.247
kdanks60@cnet.com,17.215.128.0
cbalsom61@ameblo.jp,87.236.136.78
pkerrey62@adobe.com,203.251.86.198
bcastelain63@ox.ac.uk,94.43.206.255
pderkes64@facebook.com,110.56.211.186
lvarfalameev65@timesonline.co.uk,135.185.249.95
sarmor66@mozilla.com,11.35.165.133
mkitchingman67@loc.gov,98.184.238.86
yloughead68@multiply.com,30.197.42.151
lpendock69@sourceforge.net,196.162.220.231
cmacsharry6a@devhub.com,44.95.133.34
lshepherdson6b@jimdo.com,134.77.151.110
fmckeney6c@boston.com,64.27.215.51
ethornton6d@free.fr,242.254.149.26
mwickwarth6e@ox.ac.uk,103.115.151.253
asmooth6f@java.com,231.16.12.74
rcridland6g@blogspot.com,95.32.198.69
cslowgrove6h@oaic.gov.au,197.142.19.12
lplayle6i@smugmug.com,187.191.186.232
aaiston6j@example.com,150.61.85.108
jrizzini6k@yandex.ru,102.120.236.63
sbaylie6l@goo.gl,164.48.228.175
ncouronne6m@hatena.ne.jp,148.93.115.248
lbrendel6n@mashable.com,177.20.151.203
nbigg6o@berkeley.edu,44.161.2.123
mburnet6p@state.gov,205.176.20.147
mpurkiss6q@imdb.com,43.251.64.24
moldknowe6r@about.com,231.178.4.137
jcrocetti6s@hubpages.com,33.89.105.37
bhaugh6t@live.com,49.95.219.185
cgornar6u@theguardian.com,100.73.15.18
tstanwix6v@deviantart.com,164.228.232.221
ttotterdill6w@cnbc.com,243.159.35.179
fbracken6x@japanpost.jp,191.188.193.57
gwildor6y@reference.com,151.174.4.204
djerdon6z@domainmarket.com,184.140.47.157
pnoor70@dailymail.co.uk,32.199.223.99
jcroxall71@disqus.com,69.242.119.27
ailyinykh72@jugem.jp,51.123.131.129
mmogridge73@arizona.edu,0.86.216.100
wquibell74@ebay.com,70.196.226.138
sdraycott75@hhs.gov,138.132.187.59
lpatient76@dell.com,87.49.247.91
omacadie77@blogger.com,113.184.94.169
mhargraves78@joomla.org,163.213.80.209
gmcilmurray79@unesco.org,16.253.18.18
mliggins7a@studiopress.com,138.35.159.114
rkobke7b@geocities.com,105.165.135.210
zdrydale7c@myspace.com,214.94.20.25
acasetta7d@live.com,54.53.87.48
ckagan7e@reuters.com,144.0.64.27
kjakoubek7f@indiegogo.com,103.27.188.98
dmacduff7g@yolasite.com,9.34.153.186
wwickardt7h@squidoo.com,80.138.196.156
fainscough7i@bravesites.com,189.26.209.108
bbushnell7j@infoseek.co.jp,215.170.226.148
bclowes7k@nature.com,85.26.143.10
drobeson7l@bravesites.com,193.0.129.38
ssimister7m@gmpg.org,113.119.89.220
shymus7n@apple.com,30.158.169.58
asenter7o@fotki.com,73.199.249.101
grhelton7p@hhs.gov,75.208.79.34
dshooter7q@bigcartel.com,147.54.149.15
mtall7r@ehow.com,34.51.36.220
oyakovitch7s@time.com,3.26.43.64
amanclark7t@tuttocitta.it,201.56.232.73
kgirardoni7u@linkedin.com,164.192.130.182
svarvell7v@blinklist.com,185.213.197.158
sfarfolomeev7w@wix.com,59.65.84.188
lwoan7x@clickbank.net,24.31.61.238
bbothe7y@fda.gov,104.212.40.106
dgrinov7z@eventbrite.com,182.41.44.113
dperel80@goo.gl,180.108.160.40
hdelmonti81@nymag.com,38.131.235.250
lbarrand82@virginia.edu,173.75.128.148
wsymonds83@rakuten.co.jp,230.212.248.104
obayns84@prweb.com,169.21.204.106
wkumaar85@sogou.com,177.27.76.133
lbalam86@newsvine.com,160.93.16.217
zarmour87@wordpress.org,140.16.64.19
bsarah88@cargocollective.com,161.202.73.101
tstanislaw89@jalbum.net,146.26.207.50
mhiddy8a@yolasite.com,101.229.148.244
ddearle8b@simplemachines.org,108.127.138.249
rputterill8c@feedburner.com,173.34.245.114
anaisey8d@people.com.cn,153.219.217.82
bbillborough8e@wufoo.com,76.244.83.106
kdickson8f@blogspot.com,151.38.241.202
hjerman8g@rakuten.co.jp,4.86.140.59
emccaskill8h@virginia.edu,209.252.81.221
mtudgay8i@npr.org,8.138.206.42
grivett8j@nps.gov,7.47.166.35
mmcalinden8k@comsenz.com,233.235.93.116
cwithur8l@npr.org,142.16.204.27
tthresher8m@gizmodo.com,15.14.136.148
ckonzelmann8n@eepurl.com,26.7.164.249
jmacandie8o@wordpress.com,156.179.184.89
sgregon8p@telegraph.co.uk,159.117.19.56
ephelips8q@va.gov,118.13.130.46
erowaszkiewicz8r@google.ca,153.219.139.103
vhancock8s@foxnews.com,115.14.202.46
lcrass8t@mapquest.com,70.167.181.28
wpolfer8u@acquirethisname.com,248.250.76.227
gscoggins8v@icio.us,253.96.58.130
dkillough8w@a8.net,254.5.157.177
hnoto8x@dailymail.co.uk,76.65.43.26
ghudleston8y@amazon.com,25.127.126.76
bdenyer8z@umn.edu,26.185.43.8
rhachette90@sun.com,52.252.96.13
mpasfield91@rediff.com,26.47.46.253
twetwood92@slate.com,27.2.181.143
mmayes93@hatena.ne.jp,171.25.212.35
cbodesson94@jigsy.com,129.2.146.36
vmervyn95@oaic.gov.au,192.71.162.128
wskeldon96@parallels.com,1.229.103.199
lmoncarr97@skype.com,129.80.129.178
aindgs98@chron.com,188.229.169.53
sbarde99@phoca.cz,146.73.83.186
ekleinstub9a@cbsnews.com,56.24.70.26
wpounsett9b@vimeo.com,148.146.82.210
stappington9c@hp.com,82.104.111.132
tbirkhead9d@clickbank.net,145.79.102.28
haddinall9e@google.com,159.228.183.102
cmuddle9f@abc.net.au,138.47.31.72
ealfonso9g@trellian.com,16.38.205.163
eschult9h@marriott.com,33.73.138.30
lsallery9i@hp.com,54.109.126.106
spauwel9j@foxnews.com,200.121.174.53
amcquirk9k@berkeley.edu,43.71.25.113
lgroucock9l@qq.com,112.68.100.27
ucisneros9m@4shared.com,194.194.177.214
kkennaird9n@cnet.com,31.201.37.32
fbeadles9o@alibaba.com,71.9.223.78
dtrinke9p@paypal.com,149.185.36.28
learpe9q@jiathis.com,4.25.109.205
ipiggin9r@adobe.com,88.144.147.165
tcastel9s@edublogs.org,20.216.228.207
shaddon9t@blogger.com,199.49.20.71
yweerdenburg9u@phoca.cz,0.190.140.125
cspataro9v@e-recht24.de,208.63.187.211
cscotland9w@soup.io,223.106.170.154
rskypp9x@uol.com.br,185.250.113.3
etesmond9y@loc.gov,162.185.144.9
lstribling9z@nsw.gov.au,162.26.26.54
gduncana0@engadget.com,55.93.83.19
dnutta1@businessinsider.com,40.48.123.202
kdyeta2@cam.ac.uk,119.25.74.4
bjocelyna3@ucla.edu,85.221.87.225
ccoileya4@google.co.jp,199.119.9.25
rsparka5@guardian.co.uk,213.4.135.184
mvongladbacha6@usnews.com,105.176.125.249
dattaca7@joomla.org,37.18.0.126
bfrentza8@seesaa.net,74.60.172.239
dspieghta9@oracle.com,231.137.239.13
bluttyaa@va.gov,246.175.1.88
rvaughamab@wsj.com,131.7.155.170
gwohlerac@blogspot.com,198.159.73.157
bkaliszewskiad@usnews.com,137.132.239.65
echatbandae@networkadvertising.org,129.52.74.111
ggairaf@dion.ne.jp,71.48.238.8
gdegnenag@wix.com,177.164.129.136
emccaughenah@angelfire.com,142.73.73.100
mdahlgrenai@state.gov,62.131.107.39
ibargeryaj@ifeng.com,122.88.76.87
aguidoniak@guardian.co.uk,20.246.151.55
ssnarttal@friendfeed.com,54.216.119.201
gstainlandam@chron.com,128.244.110.48
slarderotan@who.int,252.110.27.206
aurienao@baidu.com,244.95.136.66
bbirdwistleap@yahoo.co.jp,168.251.128.254
chammerbergaq@hao123.com,86.45.180.46
dnannizziar@miibeian.gov.cn,185.57.58.173
ckesperas@trellian.com,191.33.183.189
crhysat@t-online.de,143.237.21.47
bjeckellau@yellowpages.com,10.94.232.145
scannonav@home.pl,71.135.160.192
lsaywoodaw@gnu.org,73.0.154.93
ajedrachowiczax@addthis.com,33.248.183.105
mhurrenay@yandex.ru,122.97.70.64
binettaz@jalbum.net,164.56.170.212
sedelheidb0@pcworld.com,124.138.5.191
jkirvinb1@timesonline.co.uk,114.49.216.114
dmickab2@dion.ne.jp,132.213.232.226
rfaiersb3@wikimedia.org,141.243.238.22
gilyinykhb4@cbc.ca,9.136.229.125
sloudonb5@seattletimes.com,124.83.153.30
lsandelandb6@chron.com,248.68.94.237
pbiestyb7@thetimes.co.uk,192.168.41.2
aaindriub8@multiply.com,151.10.170.237
acockadayb9@deliciousdays.com,121.95.111.120
fmacallanba@ebay.com,36.213.93.108
apettetbb@tumblr.com,66.244.219.214
seggintonbc@mozilla.org,124.62.153.201
mforcebd@ucsd.edu,53.239.60.238
vemmittbe@java.com,56.193.121.33
mgiuronbf@wikipedia.org,121.178.156.156
kbarczynskibg@google.com.au,90.241.92.242
bgatecliffebh@jiathis.com,113.138.171.181
kcoastbi@huffingtonpost.com,145.56.207.121
jduffynbj@sbwire.com,105.184.221.36
glipyeatbk@ucsd.edu,188.225.219.65
mflatmanbl@sfgate.com,58.33.127.148
bdeluzebm@reddit.com,19.86.237.227
aglasonbn@themeforest.net,180.111.220.173
alowtenbo@typepad.com,109.31.199.35
wdaccabp@cargocollective.com,151.180.84.129
tbarhemsbq@shop-pro.jp,237.174.114.33
gcrookbr@shinystat.com,64.91.249.181
twoodrooffebs@t-online.de,85.217.219.47
ccurrorbt@theguardian.com,155.66.63.195
garkleybu@e-recht24.de,187.126.231.234
mallistonbv@tumblr.com,65.7.70.80
dforsardbw@usgs.gov,162.44.212.205
sgookeybx@blogtalkradio.com,224.248.0.224
deacottby@upenn.edu,211.198.146.86
gsouthcombebz@linkedin.com,183.230.208.54
kadenotc0@t.co,88.212.76.14
agoffc1@narod.ru,25.96.163.144
tmaltmanc2@army.mil,190.3.120.208
dgreedyc3@eventbrite.com,207.144.8.213
rnellisc4@seesaa.net,178.183.52.29
tsprowellc5@accuweather.com,227.61.71.224
pferric6@independent.co.uk,16.225.241.202
wcarlesic7@yellowbook.com,149.54.152.142
rsatterthwaitec8@economist.com,78.91.75.237
aschollingc9@themeforest.net,252.51.187.91
kkiltyca@goo.gl,176.23.163.191
oantoniottiicb@storify.com,71.74.161.234
gsmogurcc@google.de,143.142.233.90
dcrowthcd@patch.com,245.49.21.137
bfellonace@irs.gov,240.174.241.148
sslucockcf@nih.gov,138.191.196.82
azorzutticg@is.gd,153.200.187.105
jgoldsberrych@networkadvertising.org,47.83.70.151
bsolanci@arstechnica.com,38.22.92.65
tmattockscj@friendfeed.com,138.17.150.4
youtibridgeck@apache.org,184.4.65.244
mvitetcl@salon.com,162.14.159.8
atomaellocm@usgs.gov,14.117.122.250
betchellscn@stanford.edu,36.185.36.107
denricco@gov.uk,200.165.240.206
elinaycp@phoca.cz,48.108.161.115
mpadsoncq@shareasale.com,216.100.32.204
dfinicjcr@sciencedirect.com,208.105.122.71
fnewartecs@wisc.edu,97.154.52.114
vhaggardct@prlog.org,232.245.61.153
rchidwickcu@addtoany.com,18.128.188.249
bfacchinicv@cargocollective.com,173.87.75.40
ftrigwellcw@statcounter.com,105.228.186.31
flarderotcx@reference.com,117.164.32.58
lfrankowskicy@globo.com,45.226.3.25
nantonescucz@auda.org.au,199.243.233.114
bpearcehoused0@ehow.com,235.0.208.155
hketchd1@w3.org,58.70.104.79
ghoggand2@bloglines.com,2.243.150.21
sdestoopd3@deviantart.com,124.73.236.224
efudged4@latimes.com,190.30.156.99
asephtond5@ft.com,11.100.66.207
lvasind6@github.com,134.130.59.30
aculloteyd7@dailymotion.com,126.101.3.154
cyeldingd8@tinypic.com,186.137.209.41
goliphandd9@trellian.com,52.94.123.169
qellulda@nih.gov,247.122.227.24
mclashdb@cam.ac.uk,5.229.246.24
fcreerdc@angelfire.com,239.176.33.192
thollindaledd@i2i.jp,2.34.128.241
rmacmenemyde@reverbnation.com,107.186.152.116
edakhovdf@networkadvertising.org,121.226.182.226
cgrenshielsdg@shareasale.com,161.67.189.4
ktardiffdh@harvard.edu,84.181.229.119
jwaddingtondi@reddit.com,121.14.87.197
dtonkindj@umich.edu,180.89.14.208
bballinghalldk@dion.ne.jp,215.198.249.229
rbaultdl@forbes.com,177.102.90.158
tsamartdm@ezinearticles.com,223.61.5.182
bdelascidn@xrea.com,65.159.121.83
cgoldwaterdo@webmd.com,80.112.32.139
sassurdp@bluehost.com,22.31.239.172
adisbreydq@alibaba.com,3.85.123.99
tweeddr@ycombinator.com,130.20.202.83
jdevittds@hp.com,152.177.228.66
saulddt@de.vu,62.79.154.144
clocklessdu@foxnews.com,69.244.215.59
msharplindv@google.pl,248.200.104.142
bfallsdw@ox.ac.uk,118.73.200.222
truggdx@devhub.com,118.52.76.40
bgormallydy@blinklist.com,46.198.158.224
jwellwooddz@squidoo.com,124.84.145.96
sstilese0@patch.com,152.55.228.135
bmuate1@surveymonkey.com,94.234.20.95
nkenline2@example.com,105.140.154.122
homoylanee3@lycos.com,85.22.193.130
cglassoppe4@youku.com,190.183.120.162
pkenrighte5@wufoo.com,10.213.162.62
yteale6@state.gov,67.7.27.226
fschorahe7@google.nl,105.219.122.158
gghirone8@ycombinator.com,83.229.10.61
pthomassone9@reuters.com,58.227.133.107
podgaardea@sina.com.cn,159.49.47.102
kchrippeseb@foxnews.com,27.177.81.137
bcarnewec@mit.edu,139.106.215.144
mtomczykowskied@storify.com,194.159.11.102
cbiasettiee@bloglines.com,97.70.215.177
hbeekeef@51.la,212.210.174.10
dboschereg@cpanel.net,48.167.26.156
wsparkeseh@netscape.com,63.134.142.9
kstiellei@sitemeter.com,184.0.195.247
chyndmanej@weather.com,206.15.111.253
kduddingek@slashdot.org,126.227.138.86
sheppnerel@elpais.com,41.176.114.171
pbeasantem@patch.com,77.121.139.201
bsandleen@go.com,249.185.51.230
okisbeeeo@admin.ch,68.115.195.84
mmeranep@wikispaces.com,28.235.72.113
msollyeq@ted.com,193.197.243.83
jjepsoner@wiley.com,195.138.202.255
ccundyes@lycos.com,6.3.6.170
apostonet@baidu.com,93.92.208.218
tllorenseu@w3.org,106.155.208.98
asorrellev@wikispaces.com,46.43.22.93
egroartyew@google.com,205.70.175.48
ccashenex@wikia.com,195.214.73.130
jcarekey@nifty.com,60.116.34.213
tkenfordez@simplemachines.org,37.165.58.220
fsimunekf0@gov.uk,225.211.73.91
rhuggenf1@gov.uk,246.107.200.20
fbroscombef2@webeden.co.uk,86.107.76.202
dmcconwayf3@bravesites.com,187.115.1.114
ldeussf4@bbb.org,51.26.156.63
bstainfieldf5@etsy.com,211.132.158.70
fmccartyf6@irs.gov,161.64.50.58
fgossonf7@sogou.com,108.79.71.141
modyf8@flavors.me,89.152.224.244
bmennellf9@fema.gov,75.252.54.223
tmancerfa@cnet.com,244.123.108.182
lillistonfb@nytimes.com,30.182.241.4
vbrehaultfc@pagesperso-orange.fr,92.189.209.10
ohulmefd@i2i.jp,213.223.148.2
jcampafe@columbia.edu,108.73.240.85
hrulerff@state.tx.us,147.168.226.196
jboleynfg@oracle.com,36.194.192.96
laplinfh@ucoz.ru,147.24.16.250
dnorwichfi@opera.com,227.176.177.87
bknellfj@geocities.jp,43.23.66.76
jphilotfk@google.com.br,64.94.63.225
nyepiskovfl@springer.com,211.215.202.224
njarnellfm@weebly.com,33.212.129.43
dfostonfn@homestead.com,22.28.69.209
pgrigoliisfo@flickr.com,139.5.100.43
wrosenblumfp@miibeian.gov.cn,158.151.182.231
sbonnyfq@devhub.com,204.248.169.160
wdelatourfr@nymag.com,152.150.185.112
dstallardfs@vistaprint.com,202.125.87.66
jezzellft@pen.io,84.173.114.33
eswyersexeyfu@aboutads.info,104.201.88.101
gdallmanfv@msu.edu,231.116.159.200
rsuddockfw@cloudflare.com,41.63.210.166
mwardhawfx@usatoday.com,160.217.233.235
showleyfy@cdc.gov,98.18.72.154
rtomasekfz@ucsd.edu,61.212.223.54
ecustardg0@yale.edu,238.138.215.52
blassellsg1@mediafire.com,81.91.63.211
mparsonsg2@yellowbook.com,240.127.2.187
danlayg3@umich.edu,96.15.122.188
sfatherg4@discovery.com,168.83.238.246
gtrammelg5@sitemeter.com,91.87.188.134
pverdieg6@sina.com.cn,61.130.237.179
ctippingsg7@tripadvisor.com,130.19.159.187
aclimsong8@blog.com,181.196.129.143
jyggog9@dedecms.com,111.50.85.127
cfarryannga@dyndns.org,129.98.42.243
amassergb@histats.com,223.138.159.236
ltabouringc@xing.com,45.89.234.149
emaudettgd@tumblr.com,63.133.182.98
cgarnsonge@who.int,89.35.37.26
thuggongf@zimbio.com,28.30.13.7
mchorltongg@chicagotribune.com,9.167.98.11
cmanchestergh@cam.ac.uk,151.204.11.5
mstaninggi@sourceforge.net,121.115.144.241
omiddasgj@google.com.hk,108.168.57.41
mgoodhallgk@youtube.com,165.132.155.41
kpostinsgl@xrea.com,112.166.51.26
kiacobogm@cbc.ca,6.10.64.92
vgaitergn@berkeley.edu,74.5.172.60
mdevaneygo@statcounter.com,215.14.236.29
bgudgingp@gnu.org,224.245.123.126
vbowlergq@buzzfeed.com,73.12.105.119
ldmitrievskigr@foxnews.com,230.63.82.160
bsuttabygs@cisco.com,46.23.236.73
lgoodsalgt@tripod.com,223.89.133.150
lvanleeuwengu@ehow.com,196.214.45.204
lorbongv@webmd.com,137.78.73.165
tneumanngw@netvibes.com,218.23.246.229
saspinallgx@myspace.com,168.81.30.223
slangwadegy@zdnet.com,176.238.239.10
jtertregz@technorati.com,167.62.128.66
mquintonh0@usgs.gov,181.100.91.112
aavish1@marriott.com,34.245.179.2
pneesamh2@is.gd,11.248.105.250
mgillfordh3@wikimedia.org,83.231.55.112
wduinbletonh4@google.nl,224.22.13.23
kdanath5@latimes.com,25.148.101.232
smachansh6@biblegateway.com,76.186.83.73
eabilowitzh7@upenn.edu,50.193.101.132
mdrainsh8@epa.gov,163.168.33.153
rmansionh9@umich.edu,230.212.165.233
wpuckrinha@google.pl,23.54.45.238
ymooganhb@smh.com.au,19.83.188.85
rantonellinihc@rediff.com,184.32.72.230
dpinnerehd@indiatimes.com,94.234.195.224
afeatherstonehe@qq.com,17.12.191.9
gwaelandhf@gizmodo.com,148.3.12.77
msymoneshg@spiegel.de,38.96.139.56
acockellhh@eepurl.com,226.177.83.30
mvallenderhi@europa.eu,234.83.110.229
esnasdellhj@yahoo.co.jp,110.233.124.146
gfechniehk@wired.com,33.190.135.53
epoundsfordhl@instagram.com,198.115.76.40
dcamoyshm@fema.gov,92.22.117.66
gcellahn@patch.com,108.126.107.131
esyalvesterho@csmonitor.com,132.121.136.56
abailisshp@rakuten.co.jp,202.201.3.15
syatmanhq@youku.com,249.203.236.232
jwristhr@g.co,82.16.9.68
jsimonsenhs@yolasite.com,93.72.111.204
qbagguleyht@guardian.co.uk,161.36.16.167
fgieveshu@desdev.cn,10.252.246.3
soheneryhv@free.fr,174.77.205.202
dmiddishw@scientificamerican.com,12.112.217.77
abonnickhx@unc.edu,55.141.115.201
rstarthy@miitbeian.gov.cn,139.236.12.188
jdunstonehz@yellowbook.com,81.183.64.233
fkatzi0@angelfire.com,166.129.122.124
wagatesi1@admin.ch,62.192.51.74
moferi2@bloglines.com,160.126.191.23
ikewzicki3@51.la,112.27.87.173
dbridati4@columbia.edu,84.180.73.152
gzanninii5@angelfire.com,186.43.141.86
ddashkovichi6@addtoany.com,152.63.252.51
wpeai7@mapy.cz,42.98.78.103
gproughteni8@phoca.cz,39.64.15.147
rmynetti9@time.com,71.90.65.2
mtynemouthia@prnewswire.com,40.128.132.50
iriehmib@e-recht24.de,124.174.184.74
chelmic@mayoclinic.com,137.150.55.209
dlongstaffid@vinaora.com,113.37.193.38
tsulmanie@who.int,38.139.183.87
rlowtherif@storify.com,159.8.200.69
hkimblenig@1688.com,72.134.239.11
rkemellih@php.net,106.7.185.226
tphillpii@gov.uk,6.170.99.146
zbarzij@sogou.com,40.186.167.20
jbriffettik@livejournal.com,158.253.163.117
rfootil@nps.gov,69.65.16.22
tbulfoyim@ucoz.com,15.208.71.220
dridholein@ucsd.edu,208.136.108.112
bkenderdineio@artisteer.com,19.73.139.242
jtewesip@behance.net,224.216.129.140
speschkaiq@deliciousdays.com,248.131.27.208
rsellarir@plala.or.jp,164.14.34.233
slovelis@bluehost.com,223.82.206.89
nlindenfeldit@miibeian.gov.cn,76.144.35.233
ehunteriu@weibo.com,36.194.155.195
bakessiv@storify.com,61.216.18.46
zsoutherelliw@i2i.jp,50.170.24.31
edryburghix@slate.com,202.251.120.42
ldanbyiy@smh.com.au,52.207.39.184
lgrigoriscuiz@163.com,19.124.91.125
mwaslinj0@ucsd.edu,148.5.185.99
bribyj1@php.net,148.57.240.188
bbleasbyj2@tamu.edu,74.41.60.208
wquartermainj3@jalbum.net,55.49.89.49
nsalmonij4@people.com.cn,184.44.131.44
bcleallj5@wsj.com,0.204.200.212
fmearingj6@list-manage.com,249.121.222.171
joreillyj7@telegraph.co.uk,242.191.88.208
rtuckiej8@hostgator.com,173.102.80.71
tstanfordj9@about.me,158.57.249.129
tmacvicarja@bluehost.com,45.44.215.52
hsurgeonjb@elegantthemes.com,183.242.69.35
ebonasjc@yellowpages.com,7.16.205.233
kashdownjd@artisteer.com,231.143.134.229
bkennadyje@msu.edu,33.149.246.32
nramsbottomjf@amazon.co.jp,58.130.195.30
hpurdyjg@shinystat.com,210.150.42.188
hharlingjh@rambler.ru,179.9.207.7
dhousiauxji@amazon.co.jp,7.73.199.84
achaudretjj@nps.gov,224.35.130.248
hespiejk@biblegateway.com,37.217.59.241
lsteffansjl@china.com.cn,176.100.172.78
dferraronejm@skype.com,2.230.33.11
hfridjn@huffingtonpost.com,23.21.124.83
cpinwilljo@wikispaces.com,116.30.192.36
ghymerjp@sphinn.com,205.139.31.165
rharbronjq@cbslocal.com,231.96.230.248
gevershedjr@gizmodo.com,199.54.117.96
cyounghusbandjs@arizona.edu,95.158.203.97
smethleyjt@sohu.com,253.15.118.209
hsalvidgeju@quantcast.com,184.90.231.249
etinsleyjv@harvard.edu,61.132.242.205
cgibbonsonjw@cnn.com,181.24.29.217
dbillowsjx@washington.edu,82.19.168.94
mtwiggjy@tinyurl.com,89.130.117.230
cmcdyerjz@nifty.com,143.199.211.230
rlapwoodk0@bing.com,210.1.31.14
dforsdikek1@wikimedia.org,192.17.215.230
greynaldsk2@aol.com,164.138.204.38
iedelmank3@wikia.com,252.208.107.136
adignonk4@newyorker.com,149.92.123.52
jbonelliek5@reddit.com,233.23.244.241
ratyeok6@google.com.hk,239.225.142.212
vsorrok7@cnet.com,129.214.49.180
dsindellk8@hugedomains.com,61.179.92.151
kfinlank9@jimdo.com,104.71.56.225
handreasenka@pbs.org,92.49.7.10
chankinskb@godaddy.com,39.166.138.98
mbaystonkc@theglobeandmail.com,202.150.173.191
dwitseykd@harvard.edu,197.93.151.29
ghalpenke@amazon.de,162.44.149.234
cnettlekf@latimes.com,65.87.47.173
rbohdenkg@umich.edu,162.174.149.185
flascelleskh@techcrunch.com,242.23.38.200
gbyssheki@auda.org.au,106.190.253.140
dclemontskj@discuz.net,141.103.179.61
sgauntleykk@accuweather.com,43.128.54.87
obaptistkl@virginia.edu,135.19.33.83
seagleshamkm@yelp.com,75.174.243.196
ibochkn@google.es,239.16.49.130
cwalkleyko@taobao.com,240.54.143.42
sbeagleykp@mail.ru,213.238.85.38
sdundonkq@foxnews.com,42.137.101.138
asmithermankr@hhs.gov,157.100.7.169
rtillks@jiathis.com,187.39.208.70
mchapelhowkt@hubpages.com,242.162.214.67
atasselerku@wix.com,235.9.189.249
lgoatcherkv@skype.com,62.68.42.171
bdollekw@virginia.edu,44.27.228.197
amckibbinkx@si.edu,196.2.79.19
mceschelliky@psu.edu,130.253.148.134
cnowickkz@yandex.ru,97.105.201.31
rblakslandl0@wix.com,30.198.124.178
scurtoysl1@google.com,187.92.250.90
squaill2@who.int,234.84.217.248
tkemmetl3@studiopress.com,213.185.151.62
maimericl4@ibm.com,183.43.38.154
mmaffinil5@gizmodo.com,94.200.66.126
akariml6@deviantart.com,214.55.155.27
sshirtliffl7@digg.com,237.250.2.18
afrapel8@51.la,5.248.195.107
ywindhaml9@nytimes.com,138.40.70.254
cboldenla@ed.gov,158.244.37.155
adeboolb@timesonline.co.uk,155.251.115.239
ctelezhkinlc@theguardian.com,84.37.50.129
rcollinld@exblog.jp,75.57.4.209
ttoftsle@youtu.be,182.26.55.234
eiannilf@miitbeian.gov.cn,195.248.215.79
lpocknolllg@rambler.ru,76.185.196.138
dfarmarlh@google.fr,246.79.193.174
mwassonli@thetimes.co.uk,97.198.225.51
maplinlj@ning.com,108.146.103.9
fperrymanlk@hubpages.com,35.117.110.61
nswaffordll@vkontakte.ru,151.180.244.228
aartzlm@google.nl,111.180.104.33
atrehearneln@joomla.org,179.144.37.167
sfountainlo@unesco.org,140.138.129.196
lpeloslp@slideshare.net,156.170.179.123
icaldronlq@tinyurl.com,18.100.195.229
jcavilllr@europa.eu,195.62.119.249
cgallandersls@tinyurl.com,106.108.28.194
mwicklenlt@freewebs.com,15.5.39.115
abaulu@ft.com,188.66.5.226
nhakerlv@gov.uk,165.206.32.125
xtowndrowlw@foxnews.com,221.24.80.50
alawnlx@surveymonkey.com,64.116.210.162
kantonoczykly@dailymotion.com,106.240.139.119
iwileslz@webs.com,235.171.213.33
ldibsdalem0@ycombinator.com,241.250.90.111
bduggarym1@omniture.com,23.207.192.37
bfredym2@google.it,85.51.29.196
mdempsterm3@vinaora.com,126.223.23.26
hedesm4@devhub.com,69.190.52.29
mgabbm5@blinklist.com,13.234.133.247
scotsfordm6@yahoo.co.jp,91.190.204.154
jblankom7@topsy.com,165.168.176.241
venderleinm8@cyberchimps.com,41.111.93.120
hfieldhousem9@reverbnation.com,213.135.225.242
mealamma@blogger.com,71.20.162.130
tridingsmb@about.com,217.203.44.86
dthinnmc@ftc.gov,155.50.10.59
ehumbymd@thetimes.co.uk,255.94.151.127
equeenme@shop-pro.jp,182.242.85.2
dgascoignemf@163.com,242.221.125.226
cretallackmg@aol.com,118.130.230.119
afickmh@cocolog-nifty.com,70.34.108.176
wbrezlawmi@alexa.com,192.32.140.8
lmealemj@4shared.com,189.108.179.248
tluciamk@google.nl,40.124.107.215
dheistermannml@goo.ne.jp,250.74.110.232
tpeachammm@berkeley.edu,50.62.209.23
ldanielskymn@wikipedia.org,229.163.199.190
boelsmo@cocolog-nifty.com,31.156.172.194
dlongmp@netscape.com,106.220.101.20
ktzarmq@washington.edu,143.26.104.95
pmccreamr@reference.com,43.63.52.133
treglarms@liveinternet.ru,224.228.83.97
mlytellmt@simplemachines.org,70.139.134.133
mtissellmu@thetimes.co.uk,16.17.181.205
lburghallmv@nhs.uk,139.192.189.238
scragellmw@w3.org,193.142.20.6
beltonemx@state.tx.us,104.15.39.150
kdickiemy@simplemachines.org,122.156.226.252
nolahymz@reverbnation.com,166.89.110.157
bfibbensn0@paypal.com,102.168.205.178
aamisn1@moonfruit.com,154.133.81.203
ckerrn2@gnu.org,51.112.226.146
rferyn3@wordpress.com,206.251.124.240
mmatthewesn4@surveymonkey.com,142.40.219.177
hcastelotn5@rediff.com,81.199.188.38
cshovelln6@goo.gl,174.119.212.220
mucn7@domainmarket.com,239.21.190.112
dfaughnann8@tinypic.com,116.114.252.14
hmcgonaglen9@guardian.co.uk,152.84.141.35
bmottinellina@yandex.ru,33.245.69.106
eilyukhovnb@topsy.com,237.170.66.123
mcorenc@baidu.com,58.105.82.93
vkeepend@indiatimes.com,139.118.47.48
aflawithne@arizona.edu,157.12.100.68
ascarasbricknf@latimes.com,208.26.116.196
hcodng@uiuc.edu,157.43.82.110
mweskernh@youtu.be,142.160.117.161
nplaydenni@unesco.org,166.171.28.151
fpankethnj@cisco.com,14.101.2.147
lpummellnk@biglobe.ne.jp,142.238.130.165
edymokenl@uol.com.br,35.148.120.176
nshillitoenm@java.com,68.217.58.151
jgorickenn@opensource.org,45.104.136.65
bborgbartolono@lycos.com,83.70.1.203
dinmannp@nbcnews.com,52.227.170.203
acorpnq@timesonline.co.uk,176.119.49.96
tmitchensonnr@salon.com,101.164.143.6
agailns@goo.ne.jp,110.209.159.86
sdaggettnt@blogtalkradio.com,63.209.200.28
lcanu@toplist.cz,199.237.222.151
ngwynethnv@chron.com,210.17.147.239
ldemarsnw@infoseek.co.jp,231.237.1.15
dbartoseknx@yahoo.com,88.133.219.209
gmichieny@parallels.com,58.130.35.182
efallowfieldnz@seattletimes.com,0.186.124.173
amcrobbo0@1und1.de,21.187.81.165
rjachimiako1@scribd.com,78.182.117.49
mdorrityo2@bbb.org,140.143.214.246
lkunato3@tripod.com,140.255.182.230
cbafordo4@ovh.net,161.114.80.90
xleivesleyo5@ow.ly,205.2.199.75
jbrokenbrowo6@seesaa.net,194.182.201.160
vfareweathero7@whitehouse.gov,172.217.214.120
mjaycockso8@microsoft.com,88.52.77.243
mgrolleo9@psu.edu,206.189.237.156
dkilshawoa@tumblr.com,168.223.105.140
claxtonneob@blog.com,80.35.60.253
gcawstonoc@sun.com,248.92.222.35
hfazakerleyod@clickbank.net,57.2.126.151
eskrzynskioe@hostgator.com,249.235.146.43
crookeof@elpais.com,127.193.28.7
abessellog@dagondesign.com,6.226.144.117
gpedleroh@opensource.org,36.237.11.172
araseoi@comsenz.com,112.182.70.49
hstandishoj@uol.com.br,215.132.19.114
nleavoldok@who.int,95.125.83.175
riddiensol@dropbox.com,48.218.89.46
akoseom@theatlantic.com,195.14.191.159
hsellwoodon@imdb.com,113.123.64.247
cdillintoneoo@printfriendly.com,207.95.141.109
pspillardop@imgur.com,93.218.18.63
edenkoq@cyberchimps.com,177.112.105.79
rsnapeor@cpanel.net,219.151.179.102
deberzos@bing.com,31.100.217.11
fmatthensenot@topsy.com,54.203.145.54
pwoodruffou@fda.gov,15.2.62.161
coxburghov@cdc.gov,72.162.143.93
mbrienow@51.la,147.55.108.93
hfrostox@list-manage.com,69.48.92.48
tchaizeoy@symantec.com,88.73.183.86
cdowreyoz@narod.ru,77.63.116.60
ghucklesbyp0@wikimedia.org,13.14.21.119
ibletcherp1@huffingtonpost.com,30.165.119.156
kstelfaxp2@oracle.com,246.148.193.17
dwithullp3@163.com,28.129.124.220
gschruurp4@skyrock.com,156.117.241.251
fsuggeyp5@printfriendly.com,143.66.37.187
habsolomp6@intel.com,208.47.171.63
bbriarsp7@histats.com,67.163.74.23
csirettep8@msn.com,98.211.33.25
cbelliardp9@state.gov,96.5.219.54
acolterpa@umich.edu,125.233.34.87
ddenorepb@vinaora.com,245.251.63.15
teliazpc@msu.edu,209.3.112.53
hondruspd@ning.com,43.253.199.131
dsowtenpe@amazon.co.uk,69.67.0.19
cbrotherwoodpf@creativecommons.org,134.222.235.3
cmoretonpg@mayoclinic.com,186.198.179.231
ckreuzerph@nih.gov,202.240.118.52
cshevelspi@hatena.ne.jp,166.104.165.172
fcellonepj@simplemachines.org,190.39.25.62
esidsaffpk@howstuffworks.com,28.97.192.96
rsprostonpl@salon.com,142.185.99.74
kdiggonspm@deliciousdays.com,77.189.1.142
ajoninpn@seesaa.net,53.59.14.15
fraimanpo@skype.com,121.99.19.212
hpolycotepp@ed.gov,21.209.89.10
rsurrpq@infoseek.co.jp,129.190.134.123
gmuskettpr@lulu.com,210.194.4.71
hbarlieps@loc.gov,93.41.124.218
eszymonowiczpt@friendfeed.com,112.107.124.159
binottpu@dagondesign.com,38.219.194.32
dalessandrellipv@msu.edu,231.188.119.220
msomerliepw@histats.com,170.76.5.17
cwitseypx@ask.com,228.0.240.108
ycoundleypy@multiply.com,156.94.229.33
lbisphampz@com.com,204.129.216.170
klerohanq0@soundcloud.com,195.245.128.57
sdangerfieldq1@google.co.uk,224.94.51.94
gcamoisq2@blogtalkradio.com,144.49.189.22
pbarrackq3@comsenz.com,203.189.237.15
squittondenq4@people.com.cn,223.117.110.217
lblivenq5@noaa.gov,213.103.137.21
ggrolmannq6@redcross.org,224.37.194.41
kacarsonq7@blogtalkradio.com,109.141.209.169
mnouryq8@flickr.com,68.37.140.1
fspavonq9@columbia.edu,84.130.45.99
kseillerqa@ucoz.ru,197.242.172.86
cmathivatqb@home.pl,152.203.73.202
egoldsmithqc@taobao.com,121.144.247.159
qsummerillqd@dell.com,59.95.103.144
dashpoleqe@a8.net,142.213.192.22
pcashinqf@microsoft.com,59.66.86.195
rrenzulloqg@comcast.net,155.50.40.47
emeneghiqh@cbsnews.com,246.66.33.34
mshoebothamqi@nhs.uk,119.23.240.147
keynaudqj@ezinearticles.com,104.208.68.34
kmoncasterqk@infoseek.co.jp,219.184.227.137
nbristoql@ezinearticles.com,4.150.200.30
ldudleyqm@g.co,48.37.219.106
mbullantqn@discovery.com,252.241.232.148
ttunyqo@opensource.org,193.82.225.220
mhupeqp@nationalgeographic.com,86.58.24.252
sstennersqq@yahoo.com,118.203.226.25
mguilbertqr@ox.ac.uk,250.166.28.167
rcurdqs@unicef.org,178.166.209.235
erobertssonqt@naver.com,62.207.223.195
eocullinanequ@360.cn,36.144.245.68
amcfaulqv@dailymail.co.uk,31.42.145.29
rjohnkeqw@topsy.com,182.42.158.92
eferraraccioqx@dot.gov,196.0.225.178
mglazeqy@ebay.co.uk,112.130.161.88
wleaknerqz@walmart.com,150.31.48.228
pgrumellr0@wikimedia.org,181.116.195.5
alillecrapr1@google.com.br,197.249.1.108
gkubickar2@wufoo.com,188.11.162.239
sealdenr3@360.cn,137.16.160.28
lluciusr4@g.co,102.147.231.71
pgavaganr5@w3.org,166.150.20.178
iscottesmoorr6@illinois.edu,224.180.38.193
ltylerr7@smugmug.com,105.121.73.160
pstedellr8@ft.com,224.234.175.109
jselveyr9@instagram.com,121.186.131.180
krubenchikra@photobucket.com,229.106.226.156
sgaterb@furl.net,114.28.149.71
abarockrc@icq.com,42.43.26.81
cfyrthrd@patch.com,117.52.248.245
mhailere@sina.com.cn,105.4.80.79
mdudleyrf@is.gd,208.209.222.238
bcorkellrg@ucoz.com,123.60.76.69
bhuskinsonrh@is.gd,115.243.65.79
bmorysonri@army.mil,45.144.224.34
ngiggierj@ca.gov,195.221.217.207
awallacerk@blogspot.com,39.15.241.165
gverrellrl@163.com,223.234.189.165
rtatersalerm@furl.net,232.14.170.151
bsimpkinsrn@xing.com,144.230.7.114
smateusro@skype.com,193.199.131.183
bfeatherstonerp@csmonitor.com,69.85.130.105
asavellrq@tmall.com,17.5.96.204
jmclanachanrr@wp.com,74.58.151.147
